vector_field:0,vector_field:1,vector_field:2,vtkOriginalPointIds,Points:0,Points:1,Points:2
0,0,0,4772,165.29,121,10
0,0,0,4773,165,121,10.3697
0,0,0,4774,165.527,122,10
0,0,0,4775,165,122,10.6735
0,0,0,4776,165.765,123,10
0,0,0,4777,165,123,10.9773
0,0,0,4778,166,123.987,10
0,0,0,4780,166,124,10.0041
0,0,0,5220,164.269,120,11
0,0,0,5221,164,120,11.3429
0,0,0,5222,164.506,121,11
0,0,0,5223,164,121,11.6467
0,0,0,5224,164.744,122,11
0,0,0,5225,164,122,11.9505
0,0,0,5226,164.982,123,11
0,0,0,5227,165,123.075,11
0,0,0,5228,165.22,124,11
0,0,0,5229,165,124,11.2811
0,0,0,5231,165,125,11.5848
0,0,0,5670,163,118,12.0124
0,0,0,5671,163.248,119,12
0,0,0,5672,163,119,12.3161
0,0,0,5673,163.485,120,12
0,0,0,5674,163,120,12.6199
0,0,0,5675,163.723,121,12
0,0,0,5676,163,121,12.9237
0,0,0,5677,163.961,122,12
0,0,0,5678,164,122.163,12
0,0,0,5679,164.199,123,12
0,0,0,5680,164,123,12.2543
0,0,0,5681,164.437,124,12
0,0,0,5682,164,124,12.5581
0,0,0,5683,164.675,125,12
0,0,0,5684,164,125,12.8618
0,0,0,6117,161.751,116,13
0,0,0,6118,161,116,13.9588
0,0,0,6119,161.989,117,13
0,0,0,6120,162,117.047,13
0,0,0,6121,162.227,118,13
0,0,0,6122,162,118,13.2894
0,0,0,6123,162.464,119,13
0,0,0,6124,162,119,13.5932
0,0,0,6125,162.702,120,13
0,0,0,6126,162,120,13.8969
-0,-0,-0,6127,162.94,121,13
-0,-0,-0,6128,163,121.251,13
-0,-0,-0,6129,163.178,122,13
-0,-0,-0,6130,163,122,13.2275
-0,-0,-0,6131,163.416,123,13
-0,-0,-0,6132,163,123,13.5313
0,0,0,6133,163.654,124,13
0,0,0,6134,163,124,13.8351
0,0,0,6135,163.892,125,13
0,0,0,6136,164,125.455,13
0,0,0,6138,164,126,13.1656
0,0,0,6140,164,127,13.4694
0,0,0,6565,160.492,114,14
0,0,0,6566,160,114,14.6282
0,0,0,6567,160.73,115,14
0,0,0,6568,160,115,14.932
0,0,0,6569,160.968,116,14
0,0,0,6570,161,116.136,14
0,0,0,6571,161.206,117,14
0,0,0,6572,161,117,14.2626
0,0,0,6573,161.444,118,14
0,0,0,6574,161,118,14.5664
0,0,0,6575,161.681,119,14
0,0,0,6576,161,119,14.8702
-0,-0,-0,6577,161.919,120,14
-0,-0,-0,6578,162,120.339,14
-0,-0,-0,6579,162.157,121,14
0,0,0,6580,162,121,14.2007
-0,-0,-0,6581,162.395,122,14
0,0,0,6582,162,122,14.5045
-0,-0,-0,6583,162.633,123,14
0,0,0,6584,162,123,14.8083
0,0,0,6585,162.871,124,14
0,0,0,6586,163,124.543,14
0,0,0,6587,163.109,125,14
0,0,0,6588,163,125,14.1389
0,0,0,6589,163.347,126,14
0,0,0,6590,163,126,14.4426
0,0,0,6591,163.585,127,14
0,0,0,6592,163,127,14.7464
0,0,0,7018,159.471,113,15
0,0,0,7019,159,113,15.6015
0,0,0,7020,159.709,114,15
0,0,0,7021,159,114,15.9052
0,0,0,7022,159.947,115,15
0,0,0,7023,160,115.224,15
0,0,0,7024,160.185,116,15
0,0,0,7025,160,116,15.2358
0,0,0,7026,160.423,117,15
0,0,0,7027,160,117,15.5396
0,0,0,7028,160.66,118,15
0,0,0,7029,160,118,15.8434
0,0,0,7030,160.898,119,15
0,0,0,7031,161,119.427,15
-0,-0,-0,7032,161.136,120,15
-0,-0,-0,7033,161,120,15.1739
0,0,0,7034,161.374,121,15
0,0,0,7035,161,121,15.4777
0,0,0,7036,161.612,122,15
0,0,0,7037,161,122,15.7815
0,0,0,7038,161.85,123,15
0,0,0,7039,162,123.631,15
0,0,0,7040,162.088,124,15
0,0,0,7041,162,124,15.1121
0,0,0,7042,162.326,125,15
0,0,0,7043,162,125,15.4159
0,0,0,7044,162.564,126,15
0,0,0,7045,162,126,15.7196
0,0,0,7046,162.801,127,15
0,0,0,7047,163,127.835,15
0,0,0,7049,163,128,15.0502
0,0,0,7051,163,129,15.354
0,0,0,7460,157.974,110,16
0,0,0,7462,158.212,111,16
0,0,0,7463,158,111,16.2709
0,0,0,7464,158.45,112,16
0,0,0,7465,158,112,16.5747
0,0,0,7466,158.688,113,16
0,0,0,7467,158,113,16.8785
0,0,0,7468,158.926,114,16
0,0,0,7469,159,114.312,16
0,0,0,7470,159.164,115,16
0,0,0,7471,159,115,16.209
0,0,0,7472,159.402,116,16
0,0,0,7473,159,116,16.5128
0,0,0,7474,159.639,117,16
0,0,0,7475,159,117,16.8166
0,0,0,7476,159.877,118,16
0,0,0,7477,160,118.516,16
-0,-0,-0,7478,160.115,119,16
0,0,0,7479,160,119,16.1472
-0,-0,-0,7480,160.353,120,16
0,0,0,7481,160,120,16.4509
-0,-0,-0,7482,160.591,121,16
0,0,0,7483,160,121,16.7547
0,0,0,7484,160.829,122,16
0,0,0,7485,161,122.719,16
0,0,0,7486,161.067,123,16
0,0,0,7487,161,123,16.0853
0,0,0,7488,161.305,124,16
0,0,0,7489,161,124,16.3891
0,0,0,7490,161.543,125,16
0,0,0,7491,161,125,16.6929
0,0,0,7492,161.78,126,16
0,0,0,7493,161,126,16.9966
0,0,0,7494,162,126.923,16
0,0,0,7495,162.018,127,16
0,0,0,7496,162,127,16.0234
0,0,0,7497,162.256,128,16
0,0,0,7498,162,128,16.3272
0,0,0,7499,162.494,129,16
0,0,0,7500,162,129,16.631
0,0,0,7502,162,130,16.9348
0,0,0,7915,156.953,109,17
0,0,0,7917,157.191,110,17
0,0,0,7918,157,110,17.2441
0,0,0,7919,157.429,111,17
0,0,0,7920,157,111,17.5479
0,0,0,7921,157.667,112,17
0,0,0,7922,157,112,17.8517
0,0,0,7923,157.905,113,17
0,0,0,7924,158,113.4,17
0,0,0,7925,158.143,114,17
0,0,0,7926,158,114,17.1823
0,0,0,7927,158.381,115,17
0,0,0,7928,158,115,17.486
0,0,0,7929,158.618,116,17
0,0,0,7930,158,116,17.7898
0,0,0,7931,158.856,117,17
0,0,0,7932,159,117.604,17
0,0,0,7933,159.094,118,17
0,0,0,7934,159,118,17.1204
0,0,0,7935,159.332,119,17
0,0,0,7936,159,119,17.4242
0,0,0,7937,159.57,120,17
0,0,0,7938,159,120,17.728
0,0,0,7939,159.808,121,17
0,0,0,7940,160,121.807,17
0,0,0,7941,160.046,122,17
0,0,0,7942,160,122,17.0585
0,0,0,7943,160.284,123,17
0,0,0,7944,160,123,17.3623
0,0,0,7945,160.522,124,17
0,0,0,7946,160,124,17.6661
0,0,0,7947,160.759,125,17
0,0,0,7948,160,125,17.9699
-0,-0,-0,7949,160.997,126,17
-0,-0,-0,7950,161,126.011,17
-0,-0,-0,7951,161.235,127,17
0,0,0,7952,161,127,17.3004
-0,-0,-0,7953,161.473,128,17
0,0,0,7954,161,128,17.6042
0,0,0,7955,161.711,129,17
0,0,0,7956,161,129,17.908
0,0,0,7957,161.949,130,17
0,0,0,8359,155.694,107,18
0,0,0,8360,155,107,18.8868
0,0,0,8361,155.932,108,18
0,0,0,8362,156,108.285,18
0,0,0,8363,156.17,109,18
0,0,0,8364,156,109,18.2173
0,0,0,8365,156.408,110,18
0,0,0,8366,156,110,18.5211
0,0,0,8367,156.646,111,18
0,0,0,8368,156,111,18.8249
0,0,0,8369,156.884,112,18
0,0,0,8370,157,112.488,18
0,0,0,8371,157.122,113,18
0,0,0,8372,157,113,18.1555
0,0,0,8373,157.36,114,18
0,0,0,8374,157,114,18.4593
0,0,0,8375,157.598,115,18
0,0,0,8376,157,115,18.763
0,0,0,8377,157.835,116,18
0,0,0,8378,158,116.692,18
0,0,0,8379,158.073,117,18
0,0,0,8380,158,117,18.0936
0,0,0,8381,158.311,118,18
0,0,0,8382,158,118,18.3974
0,0,0,8383,158.549,119,18
0,0,0,8384,158,119,18.7012
0,0,0,8385,158.787,120,18
0,0,0,8386,159,120.896,18
0,0,0,8387,159.025,121,18
0,0,0,8388,159,121,18.0317
0,0,0,8389,159.263,122,18
0,0,0,8390,159,122,18.3355
0,0,0,8391,159.501,123,18
0,0,0,8392,159,123,18.6393
0,0,0,8393,159.739,124,18
0,0,0,8394,159,124,18.9431
0,0,0,8395,159.976,125,18
0,0,0,8396,160,125.099,18
0,0,0,8397,160.214,126,18
0,0,0,8398,160,126,18.2737
0,0,0,8399,160.452,127,18
0,0,0,8400,160,127,18.5774
0,0,0,8401,160.69,128,18
0,0,0,8402,160,128,18.8812
0,0,0,8403,160.928,129,18
0,0,0,8404,161,129.303,18
0,0,0,8405,161.166,130,18
0,0,0,8406,161,130,18.2118
0,0,0,8407,161.404,131,18
0,0,0,8408,161,131,18.5156
0,0,0,8410,161,132,18.8194
-0,-0,-0,8810,154.436,105,19
-0,-0,-0,8811,154,105,19.5562
0,0,0,8812,154.673,106,19
0,0,0,8813,154,106,19.86
0,0,0,8814,154.911,107,19
0,0,0,8815,155,107.373,19
-0,-0,-0,8816,155.149,108,19
-0,-0,-0,8817,155,108,19.1906
-0,-0,-0,8818,155.387,109,19
-0,-0,-0,8819,155,109,19.4943
-0,-0,-0,8820,155.625,110,19
-0,-0,-0,8821,155,110,19.7981
0,0,0,8822,155.863,111,19
0,0,0,8823,156,111.576,19
0,0,0,8824,156.101,112,19
0,0,0,8825,156,112,19.1287
0,0,0,8826,156.339,113,19
0,0,0,8827,156,113,19.4325
0,0,0,8828,156.577,114,19
0,0,0,8829,156,114,19.7363
0,0,0,8830,156.814,115,19
0,0,0,8831,157,115.78,19
0,0,0,8832,157.052,116,19
0,0,0,8833,157,116,19.0668
0,0,0,8834,157.29,117,19
0,0,0,8835,157,117,19.3706
0,0,0,8836,157.528,118,19
0,0,0,8837,157,118,19.6744
0,0,0,8838,157.766,119,19
0,0,0,8839,157,119,19.9782
0,0,0,8840,158,119.984,19
0,0,0,8841,158.004,120,19
0,0,0,8842,158,120,19.005
0,0,0,8843,158.242,121,19
0,0,0,8844,158,121,19.3087
0,0,0,8845,158.48,122,19
0,0,0,8846,158,122,19.6125
0,0,0,8847,158.718,123,19
0,0,0,8848,158,123,19.9163
0,0,0,8849,158.955,124,19
0,0,0,8850,159,124.187,19
0,0,0,8851,159.193,125,19
0,0,0,8852,159,125,19.2469
0,0,0,8853,159.431,126,19
0,0,0,8854,159,126,19.5507
0,0,0,8855,159.669,127,19
0,0,0,8856,159,127,19.8544
0,0,0,8857,159.907,128,19
0,0,0,8858,160,128.391,19
0,0,0,8859,160.145,129,19
0,0,0,8860,160,129,19.185
0,0,0,8861,160.383,130,19
0,0,0,8862,160,130,19.4888
0,0,0,8863,160.621,131,19
0,0,0,8864,160,131,19.7926
0,0,0,8865,160.859,132,19
-0,-0,-0,9259,153.415,104,20
-0,-0,-0,9260,153,104,20.5294
-0,-0,-0,9261,153.652,105,20
-0,-0,-0,9262,153,105,20.8332
-0,-0,-0,9263,153.89,106,20
-0,-0,-0,9264,154,106.461,20
-0,-0,-0,9265,154.128,107,20
-0,-0,-0,9266,154,107,20.1638
-0,-0,-0,9267,154.366,108,20
0,0,0,9268,154,108,20.4676
-0,-0,-0,9269,154.604,109,20
-0,-0,-0,9270,154,109,20.7714
-0,-0,-0,9271,154.842,110,20
0,0,0,9272,155,110.665,20
0,0,0,9273,155.08,111,20
0,0,0,9274,155,111,20.1019
0,0,0,9275,155.318,112,20
0,0,0,9276,155,112,20.4057
0,0,0,9277,155.556,113,20
0,0,0,9278,155,113,20.7095
0,0,0,9279,155.793,114,20
0,0,0,9280,156,114.868,20
0,0,0,9281,156.031,115,20
0,0,0,9282,156,115,20.04
0,0,0,9283,156.269,116,20
0,0,0,9284,156,116,20.3438
0,0,0,9285,156.507,117,20
0,0,0,9286,156,117,20.6476
0,0,0,9287,156.745,118,20
0,0,0,9288,156,118,20.9514
0,0,0,9289,156.983,119,20
0,0,0,9290,157,119.072,20
0,0,0,9291,157.221,120,20
0,0,0,9292,157,120,20.282
0,0,0,9293,157.459,121,20
0,0,0,9294,157,121,20.5857
0,0,0,9295,157.697,122,20
0.0794519,0.240141,0.142202,9296,157,122,20.8895
0,0,0,9297,157.934,123,20
0,0,0,9298,158,123.275,20
0,0,0,9299,158.172,124,20
0,0,0,9300,158,124,20.2201
-0,-0,-0,9301,158.41,125,20
0,0,0,9302,158,125,20.5239
0,0,0,9303,158.648,126,20
0,0,0,9304,158,126,20.8277
0,0,0,9305,158.886,127,20
0,0,0,9306,159,127.479,20
0,0,0,9307,159.124,128,20
0,0,0,9308,159,128,20.1582
0,0,0,9309,159.362,129,20
0,0,0,9310,159,129,20.462
0,0,0,9311,159.6,130,20
0,0,0,9312,159,130,20.7658
0,0,0,9313,159.838,131,20
0,0,0,9314,160,131.683,20
0,0,0,9315,160.075,132,20
0,0,0,9316,160,132,20.0964
0,0,0,9318,160,133,20.4001
-0,-0,-0,9708,152.156,102,21
-0,-0,-0,9709,152,102,21.1989
-0,-0,-0,9710,152.394,103,21
-0,-0,-0,9711,152,103,21.5027
-0,-0,-0,9712,152.632,104,21
-0,-0,-0,9713,152,104,21.8064
-0,-0,-0,9714,152.869,105,21
0,0,0,9715,153,105.549,21
0,0,0,9716,153.107,106,21
0,0,0,9717,153,106,21.137
-0,-0,-0,9718,153.345,107,21
-0,-0,-0,9719,153,107,21.4408
0,0,0,9720,153.583,108,21
0,0,0,9721,153,108,21.7446
-0,-0,-0,9722,153.821,109,21
-0,-0,-0,9723,154,109.753,21
-0,-0,-0,9724,154.059,110,21
-0,-0,-0,9725,154,110,21.0751
-0,-0,-0,9726,154.297,111,21
-0,-0,-0,9727,154,111,21.3789
0,0,0,9728,154.535,112,21
0,0,0,9729,154,112,21.6827
0,0,0,9730,154.773,113,21
0,0,0,9731,154,113,21.9865
0,0,0,9732,155,113.956,21
0,0,0,9733,155.01,114,21
0,0,0,9734,155,114,21.0133
0,0,0,9735,155.248,115,21
0,0,0,9736,155,115,21.3171
0,0,0,9737,155.486,116,21
0,0,0,9738,155,116,21.6208
0,0,0,9739,155.724,117,21
0,0,0,9740,155,117,21.9246
0,0,0,9741,155.962,118,21
0.0417074,-0.00824787,0.00736407,9742,156,118.16,21
0.2086,-0.0412518,0.0368314,9743,156.2,119,21
0.242686,0.0139167,0.0974805,9744,156,119,21.2552
0.146584,0.0907883,0.0847086,9745,156.438,120,21
0.237444,0.199399,0.207274,9746,156,120,21.559
0.0758228,0.0735225,0.0375071,9747,156.676,121,21
0.233736,0.226645,0.23563,9748,156,121,21.8628
0.0917462,0.261296,0.156035,9749,156.913,122,21
0.0568386,0.171793,0.101729,9750,157,122.364,21
0,0,0,9751,157.151,123,21
0.01119,0.0222645,0.014405,9752,157,123,21.1933
0,0,0,9753,157.389,124,21
-0.0367672,0.0289546,-0.0620449,9754,157,124,21.4971
0,0,0,9755,157.627,125,21
-0.0510754,0.0466491,-0.0999614,9756,157,125,21.8009
0,0,0,9757,157.865,126,21
0,0,0,9758,158,126.567,21
0,0,0,9759,158.103,127,21
0,0,0,9760,158,127,21.1314
0,0,0,9761,158.341,128,21
0,0,0,9762,158,128,21.4352
0,0,0,9763,158.579,129,21
0,0,0,9764,158,129,21.739
0,0,0,9765,158.817,130,21
0,0,0,9766,159,130.771,21
0,0,0,9767,159.054,131,21
0,0,0,9768,159,131,21.0696
0,0,0,9769,159.292,132,21
0,0,0,9770,159,132,21.3734
0,0,0,9771,159.53,133,21
0,0,0,9772,159,133,21.6771
0,0,0,9774,159,134,21.9809
-0,-0,-0,10159,151.135,101,22
-0,-0,-0,10161,151.373,102,22
-0,-0,-0,10162,151,102,22.4759
-0,-0,-0,10163,151.611,103,22
-0,-0,-0,10164,151,103,22.7797
-0,-0,-0,10165,151.848,104,22
-0,-0,-0,10166,152,104.637,22
-0,-0,-0,10167,152.086,105,22
0,0,0,10168,152,105,22.1102
-0,-0,-0,10169,152.324,106,22
0,0,0,10170,152,106,22.414
-0,-0,-0,10171,152.562,107,22
-0,-0,-0,10172,152,107,22.7178
0,0,0,10173,152.8,108,22
0,0,0,10174,153,108.841,22
-0,-0,-0,10175,153.038,109,22
-0,-0,-0,10176,153,109,22.0484
-0,-0,-0,10177,153.276,110,22
-0,-0,-0,10178,153,110,22.3521
-0,-0,-0,10179,153.514,111,22
0,0,0,10180,153,111,22.6559
0,0,0,10181,153.752,112,22
0,0,0,10182,153,112,22.9597
0,0,0,10183,153.989,113,22
0,0,0,10184,154,113.044,22
0,0,0,10185,154.227,114,22
0,0,0,10186,154,114,22.2903
0,0,0,10187,154.465,115,22
0,0,0,10188,154,115,22.5941
0,0,0,10189,154.703,116,22
0.120051,0.210966,0.359652,10190,154,116,22.8978
0.00789282,0.012595,0.0199492,10191,154.941,117,22
0.0403937,0.0442241,0.0614521,10192,155,117.248,22
0.162788,0.183015,0.248422,10193,155.179,118,22
0.179062,0.181613,0.264159,10194,155,118,22.2284
0.187904,0.219195,0.191635,10195,155.417,119,22
0.213223,0.210027,0.205008,10196,155,119,22.5322
0.219099,0.230343,0.217295,10197,155.655,120,22
0.231588,0.152587,0.151608,10198,155,120,22.836
0.232163,0.223953,0.235723,10199,155.893,121,22
0.203271,0.200946,0.212964,10200,156,121.452,22
0.156265,0.17718,0.165157,10201,156.13,122,22
0.171918,0.163008,0.167075,10202,156,122,22.1665
0.0578848,0.0792125,0.0766879,10203,156.368,123,22
0.0726689,0.0824005,0.027885,10204,156,123,22.4703
-0.0699507,-0.00204091,-0.034572,10205,156.606,124,22
-0.025229,0.00884633,0.0872502,10206,156,124,22.7741
-0.0599857,0.0307168,-0.0944219,10207,156.844,125,22
-0.0219731,0.0200688,-0.0430042,10208,157,125.655,22
0,0,0,10209,157.082,126,22
0.00418,0.0121061,-0.000160826,10210,157,126,22.1047
0,0,0,10211,157.32,127,22
0.0131232,0.0516843,-0.0447528,10212,157,127,22.4085
0,0,0,10213,157.558,128,22
0,0,0,10214,157,128,22.7122
0,0,0,10215,157.796,129,22
0,0,0,10216,158,129.859,22
0,0,0,10217,158.034,130,22
0,0,0,10218,158,130,22.0428
0,0,0,10219,158.271,131,22
0,0,0,10220,158,131,22.3466
0,0,0,10221,158.509,132,22
0,0,0,10222,158,132,22.6504
0,0,0,10223,158.747,133,22
0,0,0,10224,158,133,22.9542
0,0,0,10225,158.985,134,22
-0,-0,-0,10611,150.59,102,23
-0,-0,-0,10613,150.827,103,23
-0,-0,-0,10614,151,103.725,23
-0,-0,-0,10615,151.065,104,23
-0,-0,-0,10616,151,104,23.0834
0,0,0,10617,151.303,105,23
0,0,0,10618,151,105,23.3872
0,0,0,10619,151.541,106,23
0,0,0,10620,151,106,23.691
-0,-0,-0,10621,151.779,107,23
0,0,0,10622,151,107,23.9948
-0,-0,-0,10623,152,107.929,23
-0,-0,-0,10624,152.017,108,23
-0,-0,-0,10625,152,108,23.0216
-0,-0,-0,10626,152.255,109,23
-0,-0,-0,10627,152,109,23.3254
-0,-0,-0,10628,152.493,110,23
-0,-0,-0,10629,152,110,23.6291
0,0,0,10630,152.731,111,23
0,0,0,10631,152,111,23.9329
0,0,0,10632,152.968,112,23
0,0,0,10633,153,112.133,23
0,0,0,10634,153.206,113,23
0,0,0,10635,153,113,23.2635
0,0,0,10636,153.444,114,23
0,0,0,10637,153,114,23.5673
0,0,0,10638,153.682,115,23
0.252487,0.0643851,0.37902,10639,153,115,23.8711
0.134485,0.230031,0.401617,10640,153.92,116,23
0.149096,0.245188,0.400574,10641,154,116.336,23
0.174934,0.260557,0.397914,10642,154.158,117,23
0.187579,0.248346,0.405173,10643,154,117,23.2016
0.209448,0.200279,0.337269,10644,154.396,118,23
0.189183,0.192874,0.366368,10645,154,118,23.5054
0.228558,0.193058,0.25539,10646,154.634,119,23
0.186084,0.154602,0.249284,10647,154,119,23.8092
0.23212,0.136189,0.151608,10648,154.872,120,23
0.229371,0.136953,0.10609,10649,155,120.54,23
0.227232,0.138575,0.0878179,10650,155.109,121,23
0.234052,0.130269,0.0614856,10651,155,121,23.1398
0.200006,0.125151,0.0371553,10652,155.347,122,23
0.200006,0.114263,-0.0467885,10653,155,122,23.4435
0.0614259,0.109602,-0.0433049,10654,155.585,123,23
0.0724986,0.109602,-0.108922,10655,155,123,23.7473
-0.0221223,0.0373105,0.0621179,10656,155.823,124,23
-0.00903463,0.0533388,0.0711488,10657,156,124.744,23
-0.0031559,0.062934,0.0673161,10658,156.061,125,23
-0.0073291,0.056134,0.0654574,10659,156,125,23.0779
-0.0248864,0.0353105,0.0382427,10660,156.299,126,23
-0.0431128,-0.0289049,0.0388722,10661,156,126,23.3817
-0.00708272,0.068411,-0.0714279,10662,156.537,127,23
-0.0356258,-0.00542219,-0.0194722,10663,156,127,23.6855
0,0,0,10664,156.775,128,23
0.0981737,-0.00830516,-0.0269414,10665,156,128,23.9892
0,0,0,10666,157,128.947,23
0,0,0,10667,157.013,129,23
0,0,0,10668,157,129,23.016
0,0,0,10669,157.25,130,23
0,0,0,10670,157,130,23.3198
0,0,0,10671,157.488,131,23
0,0,0,10672,157,131,23.6236
0,0,0,10673,157.726,132,23
0,0,0,10674,157,132,23.9274
0,0,0,10675,157.964,133,23
0,0,0,10676,158,133.151,23
0,0,0,10677,158.202,134,23
0,0,0,10678,158,134,23.2579
0,0,0,10679,158.44,135,23
0,0,0,10680,158,135,23.5617
0,0,0,10682,158,136,23.8655
0,0,0,11070,150.044,103,24
-0,-0,-0,11072,150.282,104,24
-0,-0,-0,11073,150,104,24.3605
-0,-0,-0,11074,150.52,105,24
0,0,0,11075,150,105,24.6642
0,0,0,11076,150.758,106,24
0,0,0,11077,150,106,24.968
0,0,0,11078,150.996,107,24
0,0,0,11079,151,107.017,24
-0,-0,-0,11080,151.234,108,24
-0,-0,-0,11081,151,108,24.2986
-0,-0,-0,11082,151.472,109,24
-0,-0,-0,11083,151,109,24.6024
-0,-0,-0,11084,151.71,110,24
-0,-0,-0,11085,151,110,24.9062
0,0,0,11086,151.947,111,24
0,0,0,11087,152,111.221,24
0,0,0,11088,152.185,112,24
0,0,0,11089,152,112,24.2367
0,0,0,11090,152.423,113,24
0,0,0,11091,152,113,24.5405
0,0,0,11092,152.661,114,24
0,0,0,11093,152,114,24.8443
0.293524,0.0813084,0.445172,11094,152.899,115,24
0.285609,0.101978,0.437537,11095,153,115.424,24
0.274832,0.140033,0.440274,11096,153.137,116,24
0.292605,0.13104,0.440559,11097,153,116,24.1748
0.248124,0.154693,0.433382,11098,153.375,117,24
0.276976,0.107808,0.424638,11099,153,117,24.4786
0.1883,0.160682,0.382948,11100,153.613,118,24
0.222699,0.0666191,0.275876,11101,153,118,24.7824
0.180305,0.135816,0.2452,11102,153.851,119,24
0.183011,0.104683,0.133927,11103,154,119.628,24
0.18812,0.0812584,0.0683883,11104,154.088,120,24
0.179253,0.0766785,0.0754962,11105,154,120,24.113
0.195193,0.0605581,-0.0227491,11106,154.326,121,24
0.129596,0.0223902,-0.0353163,11107,154,121,24.4168
0.176842,0.0211687,-0.0900716,11108,154.564,122,24
0.0818592,-0.0851961,-0.129271,11109,154,122,24.7205
0.0958512,0.0910757,-0.134742,11110,154.802,123,24
-0.0348428,0.0472405,-0.0590257,11111,155,123.832,24
-0.0578958,0.0355716,-0.0454241,11112,155.04,124,24
-0.0574578,0.0294085,-0.0452996,11113,155,124,24.0511
-0.0480872,-0.0627482,0.00758759,11114,155.278,125,24
-0.0552264,-0.0985778,0.0114113,11115,155,125,24.3549
-0.041684,-0.108998,0.0390008,11116,155.516,126,24
-0.0343729,-0.113251,0.0800083,11117,155,126,24.6587
-0.00160265,-0.0244123,0.014921,11118,155.754,127,24
0.102423,-0.0866784,0.198815,11119,155,127,24.9625
0.0998568,-0.00839548,-0.0255377,11120,155.992,128,24
0.0957269,-0.00809817,-0.0262699,11121,156,128.035,24
0,0,0,11122,156.229,129,24
0,0,0,11123,156,129,24.293
0,0,0,11124,156.467,130,24
0,0,0,11125,156,130,24.5968
0,0,0,11126,156.705,131,24
0,0,0,11127,156,131,24.9006
0,0,0,11128,156.943,132,24
0,0,0,11129,157,132.239,24
0,0,0,11130,157.181,133,24
0,0,0,11131,157,133,24.2312
0,0,0,11132,157.419,134,24
0,0,0,11133,157,134,24.5349
0,0,0,11134,157.657,135,24
0,0,0,11135,157,135,24.8387
0,0,0,11136,157.895,136,24
-0,-0,-0,11520,149.499,104,25
0,0,0,11522,149.737,105,25
0,0,0,11523,149,105,25.9412
0,0,0,11524,149.975,106,25
0,0,0,11525,150,106.105,25
0,0,0,11526,150.213,107,25
0,0,0,11527,150,107,25.2718
-0,-0,-0,11528,150.451,108,25
-0,-0,-0,11529,150,108,25.5756
-0,-0,-0,11530,150.689,109,25
-0,-0,-0,11531,150,109,25.8794
-0,-0,-0,11532,150.927,110,25
0,0,0,11533,151,110.309,25
0,0,0,11534,151.164,111,25
0,0,0,11535,151,111,25.2099
0,0,0,11536,151.402,112,25
0,0,0,11537,151,112,25.5137
0,0,0,11538,151.64,113,25
0,0,0,11539,151,113,25.8175
0,0,0,11540,151.878,114,25
0.257277,0.075419,0.274047,11541,152,114.513,25
0.495523,0.141001,0.523751,11542,152.116,115,25
0.502601,0.147133,0.53564,11543,152,115,25.1481
0.386483,0.121115,0.477969,11544,152.354,116,25
0.448744,0.137865,0.509073,11545,152,116,25.4519
0.307698,0.0849249,0.4218,11546,152.592,117,25
0.368706,0.113843,0.440577,11547,152,117,25.7556
0.235627,0.0521754,0.26594,11548,152.83,118,25
0.18355,0.047478,0.218638,11549,153,118.716,25
0.165795,0.0507635,0.206852,11550,153.068,119,25
0.16192,0.0455277,0.206618,11551,153,119,25.0862
0.120822,-0.0175983,0.124564,11552,153.305,120,25
0.104414,-0.0477811,0.116392,11553,153,120,25.39
0.0894122,-0.0616452,0.0158517,11554,153.543,121,25
0.0707045,-0.10834,0.0636645,11555,153,121,25.6938
0.0566541,-0.0946983,-0.112128,11556,153.781,122,25
0.0606822,-0.128618,-0.0173623,11557,153,122,25.9976
0.0368682,-0.0851961,-0.124047,11558,154,122.92,25
0.0348435,-0.0842356,-0.122929,11559,154.019,123,25
0.03592,-0.0865811,-0.122621,11560,154,123,25.0243
-0.000562472,-0.0431802,-0.0380368,11561,154.257,124,25
0.0267267,-0.046898,-0.0344727,11562,154,124,25.3281
-0.00296171,-0.0660838,0.0703677,11563,154.495,125,25
0.0600469,-0.0460473,0.083883,11564,154,125,25.6319
0.011889,-0.0812034,0.110433,11565,154.733,126,25
0.107425,-0.0523959,0.172592,11566,154,126,25.9357
0.105108,-0.0851396,0.203545,11567,154.971,127,25
0.112745,-0.0807759,0.202308,11568,155,127.124,25
0.177928,-0.0352432,0.171807,11569,155.208,128,25
0.168359,-0.0352432,0.21067,11570,155,128,25.2662
0,0,0,11571,155.446,129,25
0.0731677,0.0203376,0.156706,11572,155,129,25.57
0,0,0,11573,155.684,130,25
0,0,0,11574,155,130,25.8738
0,0,0,11575,155.922,131,25
0,0,0,11576,156,131.327,25
0,0,0,11577,156.16,132,25
0,0,0,11578,156,132,25.2044
0,0,0,11579,156.398,133,25
0,0,0,11580,156,133,25.5082
0,0,0,11581,156.636,134,25
0,0,0,11582,156,134,25.8119
0,0,0,11583,156.874,135,25
0,0,0,11584,157,135.531,25
0,0,0,11585,157.112,136,25
0,0,0,11586,157,136,25.1425
0,0,0,11587,157.349,137,25
0,0,0,11588,157,137,25.4463
0,0,0,11590,157,138,25.7501
-0,-0,-0,11979,148.954,105,26
0,0,0,11980,149,105.193,26
0,0,0,11981,149.192,106,26
0,0,0,11982,149,106,26.245
-0,-0,-0,11983,149.43,107,26
0,0,0,11984,149,107,26.5488
-0,-0,-0,11985,149.668,108,26
0,0,0,11986,149,108,26.8526
-0,-0,-0,11987,149.906,109,26
-0,-0,-0,11988,150,109.397,26
-0,-0,-0,11989,150.143,110,26
-0,-0,-0,11990,150,110,26.1832
-0,-0,-0,11991,150.381,111,26
-0,-0,-0,11992,150,111,26.4869
0,0,0,11993,150.619,112,26
0,0,0,11994,150,112,26.7907
0,0,0,11995,150.857,113,26
0.233816,0.053996,0.285557,11996,151,113.601,26
0.395876,0.0926222,0.474343,11997,151.095,114,26
0.342005,0.0789804,0.417687,11998,151,114,26.1213
0.508479,0.140095,0.558803,11999,151.333,115,26
0.522135,0.12164,0.557025,12000,151,115,26.4251
0.503905,0.141404,0.541157,12001,151.571,116,26
0.512816,0.127624,0.552278,12002,151,116,26.7289
0.386131,0.123393,0.452878,12003,151.809,117,26
0.300141,0.092368,0.362402,12004,152,117.804,26
0.278101,0.0844179,0.339585,12005,152.047,118,26
0.281549,0.0824268,0.340448,12006,152,118,26.0594
0.172981,-0.00271047,0.217764,12007,152.284,119,26
0.203415,-0.0218447,0.21545,12008,152,119,26.3632
0.116032,-0.0570937,0.147179,12009,152.522,120,26
0.159117,-0.0640157,0.183367,12010,152,120,26.667
0.0794705,-0.104417,0.0836189,12011,152.76,121,26
0.0746856,-0.0653553,0.139791,12012,152,121,26.9708
0.060844,-0.128573,-0.0169532,12013,152.998,122,26
0.0607674,-0.128727,-0.0176223,12014,153,122.008,26
0.0693173,-0.142119,-0.0654147,12015,153.236,123,26
0.0710708,-0.124954,-0.0492204,12016,153,123,26.3013
0.0808916,-0.086,-0.0297949,12017,153.474,124,26
0.0866844,-0.0752248,-0.0189919,12018,153,124,26.6051
0.0868481,-0.0372614,0.0710481,12019,153.712,125,26
0.124265,0.0204049,0.0534803,12020,153,125,26.9089
0.107553,-0.050857,0.173665,12021,153.95,126,26
0.111205,-0.0573731,0.188037,12022,154,126.212,26
0.115358,-0.074416,0.238827,12023,154.188,127,26
0.136098,-0.0590356,0.241801,12024,154,127,26.2395
0.149702,-0.0380276,0.282543,12025,154.425,128,26
0.177484,-0.0270229,0.345335,12026,154,128,26.5433
0.128789,0.0299815,0.313985,12027,154.663,129,26
0.154039,0.0176756,0.391588,12028,154,129,26.847
0,0,0,12029,154.901,130,26
0,0,0,12030,155,130.415,26
0,0,0,12031,155.139,131,26
0,0,0,12032,155,131,26.1776
0,0,0,12033,155.377,132,26
0,0,0,12034,155,132,26.4814
0,0,0,12035,155.615,133,26
0,0,0,12036,155,133,26.7852
0,0,0,12037,155.853,134,26
0,0,0,12038,156,134.619,26
0,0,0,12039,156.091,135,26
0,0,0,12040,156,135,26.1157
0,0,0,12041,156.329,136,26
0,0,0,12042,156,136,26.4195
0,0,0,12043,156.566,137,26
0,0,0,12044,156,137,26.7233
0,0,0,12045,156.804,138,26
0,0,0,12429,148.409,106,27
0,0,0,12431,148.647,107,27
0,0,0,12432,148,107,27.8258
0,0,0,12433,148.885,108,27
0,0,0,12434,149,108.485,27
0,0,0,12435,149.122,109,27
0,0,0,12436,149,109,27.1564
-0,-0,-0,12437,149.36,110,27
-0,-0,-0,12438,149,110,27.4602
-0,-0,-0,12439,149.598,111,27
-0,-0,-0,12440,149,111,27.7639
0,0,0,12441,149.836,112,27
0,0,0,12442,150,112.689,27
0,0,0,12443,150.074,113,27
0,0,0,12444,150,113,27.0945
0,0,0,12445,150.312,114,27
0,0,0,12446,150,114,27.3983
0.525859,0.107949,0.533124,12447,150.55,115,27
0.557513,0.126501,0.535622,12448,150,115,27.7021
0.514347,0.123107,0.545762,12449,150.788,116,27
0.446233,0.1262,0.466133,12450,151,116.893,27
0.436914,0.126322,0.455383,12451,151.026,117,27
0.440458,0.126933,0.456964,12452,151,117,27.0326
0.366559,0.0384035,0.360628,12453,151.263,118,27
0.406542,0.0534304,0.384691,12454,151,118,27.3364
0.279628,-0.0220074,0.24421,12455,151.501,119,27
0.35652,0.002564,0.328018,12456,151,119,27.6402
0.192829,-0.0569961,0.194614,12457,151.739,120,27
0.353428,0.0422737,0.289608,12458,151,120,27.944
0.0769952,-0.0629852,0.141774,12459,151.977,121,27
0.0798554,-0.0627407,0.138783,12460,152,121.096,27
0.124241,-0.0579011,0.10957,12461,152.215,122,27
0.160063,-0.0306055,0.130897,12462,152,122,27.2746
0.118777,-0.0615461,0.0306009,12463,152.453,123,27
0.193123,-0.000629969,0.0656081,12464,152,123,27.5783
0.135146,-0.0321699,0.0131802,12465,152.691,124,27
0.235446,0.0566761,0.0832028,12466,152,124,27.8821
0.127908,0.0223865,0.0608292,12467,152.929,125,27
0.138827,0.0250681,0.0861495,12468,153,125.3,27
0.162933,0.0252858,0.161987,12469,153.167,126,27
0.179251,0.0400324,0.165042,12470,153,126,27.2127
0.167772,0.00329411,0.247718,12471,153.404,127,27
0.201159,0.0411447,0.247475,12472,153,127,27.5165
0.17809,-0.0076546,0.376044,12473,153.642,128,27
0.20077,0.0185338,0.384138,12474,153,128,27.8203
0.154841,0.0176332,0.396981,12475,153.88,129,27
0.0786638,0.00867836,0.194469,12476,154,129.504,27
0,0,0,12477,154.118,130,27
0,0,0,12478,154,130,27.1508
0,0,0,12479,154.356,131,27
0,0,0,12480,154,131,27.4546
0,0,0,12481,154.594,132,27
0,0,0,12482,154,132,27.7584
0,0,0,12483,154.832,133,27
0,0,0,12484,155,133.707,27
0,0,0,12485,155.07,134,27
0,0,0,12486,155,134,27.089
0,0,0,12487,155.308,135,27
0,0,0,12488,155,135,27.3927
0,0,0,12489,155.545,136,27
0,0,0,12490,155,136,27.6965
0,0,0,12491,155.783,137,27
0,0,0,12492,156,137.911,27
0,0,0,12493,156.021,138,27
0,0,0,12494,156,138,27.0271
0,0,0,12495,156.259,139,27
0,0,0,12496,156,139,27.3309
0,0,0,12498,156,140,27.6347
0,0,0,12886,147.864,107,28
0,0,0,12887,148,107.573,28
0,0,0,12888,148.101,108,28
0,0,0,12889,148,108,28.1296
0,0,0,12890,148.339,109,28
0,0,0,12891,148,109,28.4334
-0,-0,-0,12892,148.577,110,28
0,0,0,12893,148,110,28.7372
-0,-0,-0,12894,148.815,111,28
0,0,0,12895,149,111.777,28
0,0,0,12896,149.053,112,28
0,0,0,12897,149,112,28.0677
0,0,0,12898,149.291,113,28
0,0,0,12899,149,113,28.3715
0,0,0,12900,149.529,114,28
0,0,0,12901,149,114,28.6753
0.563978,0.130993,0.533857,12902,149.767,115,28
0.518185,0.122539,0.451259,12903,149,115,28.9791
0.597695,0.149148,0.546437,12904,150,115.981,28
0.597991,0.149401,0.546619,12905,150.005,116,28
0.598231,0.149496,0.546613,12906,150,116,28.0059
0.560465,0.147896,0.509269,12907,150.242,117,28
0.582128,0.153027,0.531216,12908,150,117,28.3096
0.460495,0.11153,0.421982,12909,150.48,118,28
0.517285,0.144012,0.474647,12910,150,118,28.6134
0.39014,0.0455522,0.375639,12911,150.718,119,28
0.480563,0.118753,0.466794,12912,150,119,28.9172
0.361625,0.0505785,0.295868,12913,150.956,120,28
0.353383,0.0551261,0.282449,12914,151,120.184,28
0.308789,0.0719104,0.21787,12915,151.194,121,28
0.349269,0.0967207,0.256861,12916,151,121,28.2478
0.235712,0.0629708,0.176873,12917,151.432,122,28
0.300521,0.104594,0.247136,12918,151,122,28.5516
0.226966,0.0540764,0.112834,12919,151.67,123,28
0.286154,0.116048,0.239931,12920,151,123,28.8553
0.235266,0.0633785,0.101147,12921,151.908,124,28
0.226508,0.0626453,0.130561,12922,152,124.388,28
0.204171,0.0627637,0.183534,12923,152.146,125,28
0.224094,0.0819866,0.210182,12924,152,125,28.1859
0.229719,0.068606,0.220104,12925,152.383,126,28
0.267344,0.114591,0.296783,12926,152,126,28.4897
0.228393,0.0543755,0.262952,12927,152.621,127,28
0.307945,0.152966,0.392308,12928,152,127,28.7935
0.21183,0.0227477,0.378893,12929,152.859,128,28
0.18467,0.0129422,0.408598,12930,153,128.592,28
0.167297,0.0083788,0.423059,12931,153.097,129,28
0.171592,0.0165417,0.429089,12932,153,129,28.124
0,0,0,12933,153.335,130,28
0,0,0,12934,153,130,28.4278
0,0,0,12935,153.573,131,28
0,0,0,12936,153,131,28.7316
0,0,0,12937,153.811,132,28
0,0,0,12938,154,132.795,28
0,0,0,12939,154.049,133,28
0,0,0,12940,154,133,28.0622
0,0,0,12941,154.287,134,28
0,0,0,12942,154,134,28.366
0,0,0,12943,154.524,135,28
0,0,0,12944,154,135,28.6697
0,0,0,12945,154.762,136,28
0,0,0,12946,154,136,28.9735
0,0,0,12947,155,136.999,28
0,0,0,12948,155,137,28
0,0,0,12949,155,137,28.0003
0,0,0,12950,155.238,138,28
0,0,0,12951,155,138,28.3041
0,0,0,12952,155.476,139,28
0,0,0,12953,155,139,28.6079
0,0,0,12954,155.714,140,28
0,0,0,12955,155,140,28.9117
0,0,0,13340,147.318,108,29
0,0,0,13342,147.556,109,29
0,0,0,13343,147,109,29.7104
0,0,0,13344,147.794,110,29
0,0,0,13345,148,110.865,29
0,0,0,13346,148.032,111,29
0,0,0,13347,148,111,29.041
0,0,0,13348,148.27,112,29
0,0,0,13349,148,112,29.3447
0,0,0,13350,148.508,113,29
0,0,0,13351,148,113,29.6485
0,0,0,13352,148.746,114,29
0,0,0,13353,148,114,29.9523
0.516584,0.122359,0.447215,13354,148.984,115,29
0.524256,0.124579,0.456126,13355,149,115.069,29
0.610077,0.153142,0.543293,13356,149.222,116,29
0.548688,0.154439,0.529701,13357,149,116,29.2829
0.604847,0.165232,0.549135,13358,149.459,117,29
0.609911,0.171063,0.538329,13359,149,117,29.5867
0.55824,0.153578,0.499635,13360,149.697,118,29
0.608892,0.190578,0.537071,13361,149,118,29.8904
0.489876,0.122757,0.472118,13362,149.935,119,29
0.473961,0.123641,0.455841,13363,150,119.273,29
0.439777,0.13539,0.409352,13364,150.173,120,29
0.451349,0.144725,0.435182,13365,150,120,29.221
0.417873,0.143921,0.369001,13366,150.411,121,29
0.443155,0.167188,0.428008,13367,150,121,29.5248
0.361468,0.131615,0.31544,13368,150.649,122,29
0.447003,0.177132,0.425436,13369,150,122,29.8286
0.302523,0.1241,0.259945,13370,150.887,123,29
0.28615,0.133535,0.273881,13371,151,123.476,29
0.276296,0.140297,0.293347,13372,151.125,124,29
0.287976,0.153764,0.31915,13373,151,124,29.1591
0.285724,0.178153,0.323472,13374,151.363,125,29
0.325925,0.196724,0.379875,13375,151,125,29.4629
0.301463,0.172362,0.36468,13376,151.6,126,29
0.364208,0.204774,0.431393,13377,151,126,29.7667
0.334763,0.18176,0.418396,13378,151.838,127,29
0.294205,0.131916,0.428843,13379,152,127.68,29
0.276363,0.109255,0.435641,13380,152.076,128,29
0.280803,0.116361,0.440315,13381,152,128,29.0973
0.210921,0.0930349,0.416112,13382,152.314,129,29
0.219178,0.117075,0.415524,13383,152,129,29.401
0,0,0,13384,152.552,130,29
0,0,0,13385,152,130,29.7048
0,0,0,13386,152.79,131,29
0,0,0,13387,153,131.883,29
0,0,0,13388,153.028,132,29
0,0,0,13389,153,132,29.0354
0,0,0,13390,153.266,133,29
0,0,0,13391,153,133,29.3392
0,0,0,13392,153.503,134,29
0,0,0,13393,153,134,29.643
0,0,0,13394,153.741,135,29
0,0,0,13395,153,135,29.9467
0,0,0,13396,153.979,136,29
0,0,0,13397,154,136.087,29
0,0,0,13398,154.217,137,29
0,0,0,13399,154,137,29.2773
0,0,0,13400,154.455,138,29
0,0,0,13401,154,138,29.5811
0,0,0,13402,154.693,139,29
0,0,0,13403,154,139,29.8849
0,0,0,13404,154.931,140,29
0,0,0,13405,155,140.291,29
0,0,0,13406,155.169,141,29
0,0,0,13407,155,141,29.2154
0,0,0,13409,155,142,29.5192
0,0,0,13795,146.773,109,30
0,0,0,13796,146,109,30.9874
0,0,0,13797,147,109.953,30
0,0,0,13798,147.011,110,30
0,0,0,13799,147,110,30.0142
-0,-0,-0,13800,147.249,111,30
-0,-0,-0,13801,147,111,30.318
0,0,0,13802,147.487,112,30
0,0,0,13803,147,112,30.6217
0,0,0,13804,147.725,113,30
0,0,0,13805,147,113,30.9255
0,0,0,13806,147.963,114,30
0,0,0,13807,148,114.157,30
0.0754165,0.019525,0.0740638,13808,148.201,115,30
0,0,0,13809,148,115,30.2561
0.387641,0.150056,0.427843,13810,148.438,116,30
0.280548,0.131389,0.310171,13811,148,116,30.5599
0.597329,0.176224,0.51424,13812,148.676,117,30
0.290081,0.177247,0.402695,13813,148,117,30.8637
0.610255,0.195455,0.536626,13814,148.914,118,30
0.594027,0.196165,0.533107,13815,149,118.361,30
0.558327,0.194435,0.521909,13816,149.152,119,30
0.53891,0.205263,0.522952,13817,149,119,30.1942
0.510738,0.186709,0.497208,13818,149.39,120,30
0.527955,0.205842,0.500682,13819,149,120,30.498
0.485126,0.182348,0.473484,13820,149.628,121,30
0.533859,0.206721,0.497254,13821,149,121,30.8018
0.465886,0.182992,0.444908,13822,149.866,122,30
0.442411,0.183035,0.432667,13823,150,122.564,30
0.425628,0.182019,0.425546,13824,150.104,123,30
0.445906,0.190559,0.441693,13825,150,123,30.1324
0.392141,0.180653,0.419611,13826,150.342,124,30
0.457558,0.205736,0.465294,13827,150,124,30.4361
0.381466,0.204732,0.416604,13828,150.579,125,30
0.461605,0.22197,0.495232,13829,150,125,30.7399
0.386353,0.211213,0.449614,13830,150.817,126,30
0.379951,0.211213,0.470324,13831,151,126.768,30
0.37939,0.210495,0.477968,13832,151.055,127,30
0.383063,0.211471,0.478938,13833,151,127,30.0705
0.314627,0.190509,0.480698,13834,151.293,128,30
0.338421,0.198844,0.467761,13835,151,128,30.3743
0.225531,0.144168,0.411008,13836,151.531,129,30
0.274056,0.183088,0.33411,13837,151,129,30.6781
0,0,0,13838,151.769,130,30
0,0,0,13839,151,130,30.9818
0,0,0,13840,152,130.972,30
0,0,0,13841,152.007,131,30
0,0,0,13842,152,131,30.0086
0,0,0,13843,152.245,132,30
0,0,0,13844,152,132,30.3124
0,0,0,13845,152.483,133,30
0,0,0,13846,152,133,30.6162
0,0,0,13847,152.72,134,30
0,0,0,13848,152,134,30.92
0,0,0,13849,152.958,135,30
0,0,0,13850,153,135.175,30
0,0,0,13851,153.196,136,30
0,0,0,13852,153,136,30.2505
0,0,0,13853,153.434,137,30
0,0,0,13854,153,137,30.5543
0,0,0,13855,153.672,138,30
0,0,0,13856,153,138,30.8581
0,0,0,13857,153.91,139,30
0,0,0,13858,154,139.379,30
0,0,0,13859,154.148,140,30
0,0,0,13860,154,140,30.1887
0,0,0,13861,154.386,141,30
0,0,0,13862,154,141,30.4924
0,0,0,13863,154.624,142,30
0,0,0,13864,154,142,30.7962
0,0,0,14249,146,109.041,31
0,0,0,14250,146.228,110,31
-0,-0,-0,14252,146.466,111,31
-0,-0,-0,14253,146,111,31.595
0,0,0,14254,146.704,112,31
0,0,0,14255,146,112,31.8987
-0,-0,-0,14256,146.942,113,31
0,0,0,14257,147,113.245,31
0,0,0,14258,147.18,114,31
0,0,0,14259,147,114,31.2293
0,0,0,14260,147.417,115,31
0,0,0,14261,147,115,31.5331
0.134644,0.0780812,0.174846,14262,147.655,116,31
0,0,0,14263,147,116,31.8369
0.254949,0.174487,0.378101,14264,147.893,117,31
0.312187,0.193478,0.432568,14265,148,117.449,31
0.452086,0.214093,0.489712,14266,148.131,118,31
0.394002,0.211613,0.473068,14267,148,118,31.1674
0.527694,0.227828,0.502636,14268,148.369,119,31
0.58265,0.224266,0.483376,14269,148,119,31.4712
0.546727,0.217548,0.495018,14270,148.607,120,31
0.583837,0.213863,0.485691,14271,148,120,31.775
0.542103,0.210126,0.496466,14272,148.845,121,31
0.537838,0.207228,0.508793,14273,149,121.652,31
0.537703,0.206922,0.513905,14274,149.083,122,31
0.546644,0.208166,0.516383,14275,149,122,31.1056
0.558485,0.222654,0.524554,14276,149.321,123,31
0.599444,0.221617,0.53243,14277,149,123,31.4094
0.534636,0.227698,0.514971,14278,149.558,124,31
0.592297,0.211332,0.509919,14279,149,124,31.7131
0.487748,0.221213,0.514044,14280,149.796,125,31
0.463243,0.221519,0.493136,14281,150,125.856,31
0.460201,0.220807,0.489526,14282,150.034,126,31
0.4619,0.220049,0.490299,14283,150,126,31.0437
0.420132,0.212211,0.479636,14284,150.272,127,31
0.426592,0.208521,0.47372,14285,150,127,31.3475
0.377618,0.203438,0.443994,14286,150.51,128,31
0.375296,0.199057,0.369385,14287,150,128,31.6513
0.224742,0.151011,0.232603,14288,150.748,129,31
0,0,0,14289,150,129,31.9551
0,0,0,14290,150.986,130,31
0,0,0,14291,151,130.06,31
0,0,0,14292,151.224,131,31
0,0,0,14293,151,131,31.2856
0,0,0,14294,151.462,132,31
0,0,0,14295,151,132,31.5894
0,0,0,14296,151.699,133,31
0,0,0,14297,151,133,31.8932
0,0,0,14298,151.937,134,31
0,0,0,14299,152,134.263,31
0,0,0,14300,152.175,135,31
0,0,0,14301,152,135,31.2238
0,0,0,14302,152.413,136,31
0,0,0,14303,152,136,31.5275
0,0,0,14304,152.651,137,31
0,0,0,14305,152,137,31.8313
0,0,0,14306,152.889,138,31
0,0,0,14307,153,138.467,31
0,0,0,14308,153.127,139,31
0,0,0,14309,153,139,31.1619
0,0,0,14310,153.365,140,31
0,0,0,14311,153,140,31.4657
0,0,0,14312,153.603,141,31
0,0,0,14313,153,141,31.7695
0,0,0,14314,153.84,142,31
0,0,0,14315,154,142.671,31
0,0,0,14317,154,143,31.1
0,0,0,14319,154,144,31.4038
-0,-0,-0,14702,145.683,111,32
-0,-0,-0,14704,145.921,112,32
-0,-0,-0,14705,146,112.333,32
-0,-0,-0,14706,146.159,113,32
-0,-0,-0,14707,146,113,32.2025
-0,-0,-0,14708,146.396,114,32
0,0,0,14709,146,114,32.5063
0,0,0,14710,146.634,115,32
0,0,0,14711,146,115,32.8101
0,0,0,14712,146.872,116,32
0,0,0,14713,147,116.537,32
0.0226309,0.0184693,0.0350224,14714,147.11,117,32
0,0,0,14715,147,117,32.1407
0.394002,0.189843,0.306763,14716,147.348,118,32
0.218889,0.107624,0.135924,14717,147,118,32.4444
0.551028,0.209145,0.411004,14718,147.586,119,32
0.435377,0.167255,0.226294,14719,147,119,32.7482
0.569994,0.206902,0.456661,14720,147.824,120,32
0.578547,0.205777,0.490842,14721,148,120.741,32
0.574015,0.204935,0.494447,14722,148.062,121,32
0.570078,0.201034,0.484269,14723,148,121,32.0788
0.578706,0.206775,0.508405,14724,148.3,122,32
0.540362,0.18192,0.451451,14725,148,122,32.3826
0.624629,0.209204,0.517766,14726,148.537,123,32
0.528491,0.158238,0.408615,14727,148,123,32.6864
0.598313,0.201005,0.499603,14728,148.775,124,32
0.49607,0.124779,0.353716,14729,148,124,32.9901
0.561186,0.198546,0.503164,14730,149,124.944,32
0.558887,0.198386,0.503392,14731,149.013,125,32
0.557787,0.198034,0.50193,14732,149,125,32.0169
0.495185,0.190974,0.478929,14733,149.251,126,32
0.455795,0.189007,0.436121,14734,149,126,32.3207
0.408315,0.194207,0.430753,14735,149.489,127,32
0.303632,0.193378,0.33478,14736,149,127,32.6245
0.273,0.146777,0.240339,14737,149.727,128,32
0,0,0,14738,149,128,32.9283
0,0,0,14739,149.965,129,32
0,0,0,14740,150,129.148,32
0,0,0,14741,150.203,130,32
0,0,0,14742,150,130,32.2588
0,0,0,14743,150.441,131,32
0,0,0,14744,150,131,32.5626
0,0,0,14745,150.678,132,32
0,0,0,14746,150,132,32.8664
0,0,0,14747,150.916,133,32
0,0,0,14748,151,133.352,32
0,0,0,14749,151.154,134,32
0,0,0,14750,151,134,32.197
0,0,0,14751,151.392,135,32
0,0,0,14752,151,135,32.5008
0,0,0,14753,151.63,136,32
0,0,0,14754,151,136,32.8045
0,0,0,14755,151.868,137,32
0,0,0,14756,152,137.555,32
0,0,0,14757,152.106,138,32
0,0,0,14758,152,138,32.1351
0,0,0,14759,152.344,139,32
0,0,0,14760,152,139,32.4389
0,0,0,14761,152.582,140,32
0,0,0,14762,152,140,32.7427
0,0,0,14763,152.819,141,32
0,0,0,14764,153,141.759,32
0,0,0,14765,153.057,142,32
0,0,0,14766,153,142,32.0732
0,0,0,14767,153.295,143,32
0,0,0,14768,153,143,32.377
0,0,0,14769,153.533,144,32
0,0,0,14770,153,144,32.6808
-0,-0,-0,15160,145.138,112,33
-0,-0,-0,15162,145.376,113,33
-0,-0,-0,15163,145,113,33.4795
0,0,0,15164,145.613,114,33
0,0,0,15165,145,114,33.7833
0,0,0,15166,145.851,115,33
0,0,0,15167,146,115.625,33
0,0,0,15168,146.089,116,33
0,0,0,15169,146,116,33.1139
0,0,0,15170,146.327,117,33
0,0,0,15171,146,117,33.4177
0,0,0,15172,146.565,118,33
0,0,0,15173,146,118,33.7215
0.327825,0.123021,0.154452,15174,146.803,119,33
0.415116,0.149109,0.210848,15175,147,119.829,33
0.420029,0.14839,0.219266,15176,147.041,120,33
0.394853,0.140546,0.203498,15177,147,120,33.052
0.425435,0.151873,0.292151,15178,147.279,121,33
0.25961,0.0961884,0.16753,15179,147,121,33.3558
0.439315,0.142667,0.317222,15180,147.517,122,33
0.276712,0.125362,0.199293,15181,147,122,33.6596
0.466938,0.135674,0.340376,15182,147.754,123,33
0.0138959,0.00439931,0.00952643,15183,147,123,33.9634
0.494068,0.123948,0.351541,15184,147.992,124,33
0.491086,0.125294,0.350228,15185,148,124.032,33
0.399195,0.166396,0.319069,15186,148.23,125,33
0.260407,0.111128,0.201809,15187,148,125,33.2939
0.306074,0.18111,0.30128,15188,148.468,126,33
0.0996639,0.0683959,0.0994717,15189,148,126,33.5977
0.183817,0.139925,0.20926,15190,148.706,127,33
0,0,0,15191,148,127,33.9015
0,0,0,15192,148.944,128,33
0,0,0,15193,149,128.236,33
0,0,0,15194,149.182,129,33
0,0,0,15195,149,129,33.2321
0,0,0,15196,149.42,130,33
0,0,0,15197,149,130,33.5358
0,0,0,15198,149.658,131,33
0,0,0,15199,149,131,33.8396
0,0,0,15200,149.895,132,33
0,0,0,15201,150,132.44,33
0,0,0,15202,150.133,133,33
0,0,0,15203,150,133,33.1702
0,0,0,15204,150.371,134,33
0,0,0,15205,150,134,33.474
0,0,0,15206,150.609,135,33
0,0,0,15207,150,135,33.7778
0,0,0,15208,150.847,136,33
0,0,0,15209,151,136.643,33
0,0,0,15210,151.085,137,33
0,0,0,15211,151,137,33.1083
0,0,0,15212,151.323,138,33
0,0,0,15213,151,138,33.4121
0,0,0,15214,151.561,139,33
0,0,0,15215,151,139,33.7159
0,0,0,15216,151.798,140,33
0,0,0,15217,152,140.847,33
0,0,0,15218,152.036,141,33
0,0,0,15219,152,141,33.0465
0,0,0,15220,152.274,142,33
0,0,0,15221,152,142,33.3502
-0,-0,-0,15610,144.592,113,34
0,0,0,15612,144.83,114,34
0,0,0,15613,145,114.713,34
0,0,0,15614,145.068,115,34
0,0,0,15615,145,115,34.0871
0,0,0,15616,145.306,116,34
0,0,0,15617,145,116,34.3909
0,0,0,15618,145.544,117,34
0,0,0,15619,145,117,34.6947
0,0,0,15620,145.782,118,34
0,0,0,15621,145,118,34.9985
0,0,0,15622,146,118.917,34
0,0,0,15623,146.02,119,34
0,0,0,15624,146,119,34.0252
0,0,0,15625,146.258,120,34
0,0,0,15626,146,120,34.329
0,0,0,15627,146.496,121,34
0,0,0,15628,146,121,34.6328
0.164101,0.0876539,0.121464,15629,146.733,122,34
0,0,0,15630,146,122,34.9366
0,0,0,15631,146.971,123,34
0,0,0,15632,147,123.121,34
0.0677443,0.0259868,0.0421594,15633,147.209,124,34
0,0,0,15634,147,124,34.2672
0,0,0,15635,147.447,125,34
0,0,0,15636,147,125,34.5709
0,0,0,15637,147.685,126,34
0,0,0,15638,147,126,34.8747
0,0,0,15639,147.923,127,34
0,0,0,15640,148,127.324,34
0,0,0,15641,148.161,128,34
0,0,0,15642,148,128,34.2053
0,0,0,15643,148.399,129,34
0,0,0,15644,148,129,34.5091
0,0,0,15645,148.637,130,34
0,0,0,15646,148,130,34.8129
0,0,0,15647,148.874,131,34
0,0,0,15648,149,131.528,34
0,0,0,15649,149.112,132,34
0,0,0,15650,149,132,34.1434
0,0,0,15651,149.35,133,34
0,0,0,15652,149,133,34.4472
0,0,0,15653,149.588,134,34
0,0,0,15654,149,134,34.751
0,0,0,15655,149.826,135,34
0,0,0,15656,150,135.732,34
0,0,0,15657,150.064,136,34
0,0,0,15658,150,136,34.0815
0,0,0,15659,150.302,137,34
0,0,0,15660,150,137,34.3853
0,0,0,15661,150.54,138,34
0,0,0,15662,150,138,34.6891
0,0,0,15663,150.778,139,34
0,0,0,15664,150,139,34.9929
0,0,0,15665,151,139.935,34
0,0,0,15666,151.015,140,34
0,0,0,15668,151.253,141,34
0,0,0,16070,144.047,114,35
0,0,0,16072,144.285,115,35
0,0,0,16073,144,115,35.3641
0,0,0,16074,144.523,116,35
0,0,0,16075,144,116,35.6679
0,0,0,16076,144.761,117,35
0,0,0,16077,144,117,35.9717
0,0,0,16078,144.999,118,35
0,0,0,16079,145,118.005,35
0,0,0,16080,145.237,119,35
0,0,0,16081,145,119,35.3022
0,0,0,16082,145.475,120,35
0,0,0,16083,145,120,35.606
0,0,0,16084,145.712,121,35
0,0,0,16085,145,121,35.9098
0,0,0,16086,145.95,122,35
0,0,0,16087,146,122.209,35
0,0,0,16088,146.188,123,35
0,0,0,16089,146,123,35.2404
0,0,0,16090,146.426,124,35
0,0,0,16091,146,124,35.5442
-0,-0,-0,16092,146.664,125,35
-0,-0,-0,16093,146,125,35.8479
-0,-0,-0,16094,146.902,126,35
-0,-0,-0,16095,147,126.412,35
-0,-0,-0,16096,147.14,127,35
0,0,0,16097,147,127,35.1785
0,0,0,16098,147.378,128,35
0,0,0,16099,147,128,35.4823
0,0,0,16100,147.616,129,35
0,0,0,16101,147,129,35.7861
0,0,0,16102,147.853,130,35
0,0,0,16103,148,130.616,35
0,0,0,16104,148.091,131,35
0,0,0,16105,148,131,35.1166
0,0,0,16106,148.329,132,35
0,0,0,16107,148,132,35.4204
0,0,0,16108,148.567,133,35
0,0,0,16109,148,133,35.7242
0,0,0,16110,148.805,134,35
0,0,0,16111,149,134.82,35
0,0,0,16112,149.043,135,35
0,0,0,16113,149,135,35.0548
0,0,0,16114,149.281,136,35
0,0,0,16115,149,136,35.3586
0,0,0,16116,149.519,137,35
0,0,0,16117,149,137,35.6623
0,0,0,16118,149.757,138,35
0,0,0,16119,149,138,35.9661
0,0,0,16120,149.994,139,35
0,0,0,16519,143.502,115,36
0,0,0,16521,143.74,116,36
0,0,0,16522,143,116,36.9449
0,0,0,16523,143.978,117,36
0,0,0,16524,144,117.093,36
0,0,0,16525,144.216,118,36
0,0,0,16526,144,118,36.2755
0,0,0,16527,144.454,119,36
0,0,0,16528,144,119,36.5792
0,0,0,16529,144.691,120,36
0,0,0,16530,144,120,36.883
0,0,0,16531,144.929,121,36
0,0,0,16532,145,121.297,36
0,0,0,16533,145.167,122,36
0,0,0,16534,145,122,36.2136
0,0,0,16535,145.405,123,36
0,0,0,16536,145,123,36.5174
0,0,0,16537,145.643,124,36
0,0,0,16538,145,124,36.8212
-0,-0,-0,16539,145.881,125,36
-0,-0,-0,16540,146,125.501,36
-0,-0,-0,16541,146.119,126,36
0,0,0,16542,146,126,36.1517
0,0,0,16543,146.357,127,36
0,0,0,16544,146,127,36.4555
0,0,0,16545,146.595,128,36
0,0,0,16546,146,128,36.7593
0,0,0,16547,146.832,129,36
0,0,0,16548,147,129.704,36
0,0,0,16549,147.07,130,36
0,0,0,16550,147,130,36.0899
0,0,0,16551,147.308,131,36
0,0,0,16552,147,131,36.3936
0,0,0,16553,147.546,132,36
0,0,0,16554,147,132,36.6974
0,0,0,16555,147.784,133,36
0,0,0,16556,148,133.908,36
0,0,0,16557,148.022,134,36
0,0,0,16558,148,134,36.028
0,0,0,16559,148.26,135,36
0,0,0,16560,148,135,36.3318
0,0,0,16561,148.498,136,36
0,0,0,16562,148,136,36.6356
0,0,0,16563,148.736,137,36
0,0,0,16564,148,137,36.9393
0,0,0,16566,149,138.112,36
0,0,0,16567,149.211,139,36
0,0,0,16885,143,116.181,37
0,0,0,16886,143.195,117,37
0,0,0,16887,143.433,118,37
0,0,0,16888,143.671,119,37
0,0,0,16889,143.908,120,37
0,0,0,16890,144,120.385,37
0,0,0,16891,144.146,121,37
0,0,0,16892,144.384,122,37
0,0,0,16893,144.622,123,37
0,0,0,16894,144.86,124,37
0,0,0,16895,145,124.589,37
0,0,0,16896,145.098,125,37
0,0,0,16897,145.336,126,37
0,0,0,16898,145.574,127,37
0,0,0,16899,145.812,128,37
0,0,0,16900,146,128.792,37
0,0,0,16901,146.049,129,37
0,0,0,16902,146.287,130,37
0,0,0,16903,146.525,131,37
0,0,0,16904,146.763,132,37
0,0,0,16905,147,132.996,37
0,0,0,16906,147.001,133,37
0,0,0,16907,147.239,134,37
0,0,0,16908,147.477,135,37
